,Unnamed: 0,album,track_number,id,name,uri,preview_url,artists,acousticness,danceability,energy,instrumentalness,liveness,loudness,speechiness,tempo,valence,popularity,mood_vectors
0,0,Malaai Chaana Na,1,3IJQVaQcf1LQDrPEhGIlnH,Malaai Chaana Na,spotify:track:3IJQVaQcf1LQDrPEhGIlnH,https://p.scdn.co/mp3-preview/3c8cf0b1647fc719e652b23b2ca4ac71ee5bfee4?cid=3a801d6e4c3e4435ac1c198bb146d2cc,"[{'external_urls': {'spotify': 'https://open.spotify.com/artist/1deQzOQwArAsUgm2WdjtyI'}, 'href': 'https://api.spotify.com/v1/artists/1deQzOQwArAsUgm2WdjtyI', 'id': '1deQzOQwArAsUgm2WdjtyI', 'name': 'Sajjan Raj Vaidya', 'type': 'artist', 'uri': 'spotify:artist:1deQzOQwArAsUgm2WdjtyI'}]",0.823,0.441,0.248,0.0101,0.376,-13.536,0.0273,153.916,0.283,49,"[0.283, 0.248]"
1,1,Malaai Chaana Na,2,7LdTjqwkSBAKzjssfIDHBO,Aaja Matra,spotify:track:7LdTjqwkSBAKzjssfIDHBO,https://p.scdn.co/mp3-preview/3cda765a78de40999e1037ddb0d9ac2040121dd4?cid=3a801d6e4c3e4435ac1c198bb146d2cc,"[{'external_urls': {'spotify': 'https://open.spotify.com/artist/1deQzOQwArAsUgm2WdjtyI'}, 'href': 'https://api.spotify.com/v1/artists/1deQzOQwArAsUgm2WdjtyI', 'id': '1deQzOQwArAsUgm2WdjtyI', 'name': 'Sajjan Raj Vaidya', 'type': 'artist', 'uri': 'spotify:artist:1deQzOQwArAsUgm2WdjtyI'}]",0.717,0.513,0.289,0.000348,0.132,-11.914,0.0303,119.871,0.303,41,"[0.303, 0.289]"
2,2,Katha: Episode VIII - Tadhiera,1,7iwQRdO2T6VZ5XoSywHgP6,Katha: Episode VIII - Tadhiera,spotify:track:7iwQRdO2T6VZ5XoSywHgP6,https://p.scdn.co/mp3-preview/5423214e89e87a46cda34b85471add4e3a90adf1?cid=3a801d6e4c3e4435ac1c198bb146d2cc,"[{'external_urls': {'spotify': 'https://open.spotify.com/artist/1deQzOQwArAsUgm2WdjtyI'}, 'href': 'https://api.spotify.com/v1/artists/1deQzOQwArAsUgm2WdjtyI', 'id': '1deQzOQwArAsUgm2WdjtyI', 'name': 'Sajjan Raj Vaidya', 'type': 'artist', 'uri': 'spotify:artist:1deQzOQwArAsUgm2WdjtyI'}, {'external_urls': {'spotify': 'https://open.spotify.com/artist/5sml6juxnDkUFi3K3bRAuq'}, 'href': 'https://api.spotify.com/v1/artists/5sml6juxnDkUFi3K3bRAuq', 'id': '5sml6juxnDkUFi3K3bRAuq', 'name': 'Wangden Sherpa', 'type': 'artist', 'uri': 'spotify:artist:5sml6juxnDkUFi3K3bRAuq'}]",0.456,0.525,0.388,0.000545,0.108,-9.123,0.0279,133.789,0.181,37,"[0.181, 0.388]"
3,4,Aaja Matra,2,5qsBQg9qCwqzFHfgfUGVss,Suna Kaanchi,spotify:track:5qsBQg9qCwqzFHfgfUGVss,https://p.scdn.co/mp3-preview/0b81d14994647814c7bc6230d0d56fa6c0acb91c?cid=3a801d6e4c3e4435ac1c198bb146d2cc,"[{'external_urls': {'spotify': 'https://open.spotify.com/artist/1deQzOQwArAsUgm2WdjtyI'}, 'href': 'https://api.spotify.com/v1/artists/1deQzOQwArAsUgm2WdjtyI', 'id': '1deQzOQwArAsUgm2WdjtyI', 'name': 'Sajjan Raj Vaidya', 'type': 'artist', 'uri': 'spotify:artist:1deQzOQwArAsUgm2WdjtyI'}]",0.733,0.711,0.401,0.00756,0.221,-13.465,0.0618,153.919,0.775,39,"[0.775, 0.401]"
4,5,Katha: Episode VII - Jeevan,1,35pLMyMgUKbBMgDP2sLFsh,Katha: Episode VII - Jeevan,spotify:track:35pLMyMgUKbBMgDP2sLFsh,https://p.scdn.co/mp3-preview/e08faa8c58f5b8b9a6584ce2193b429c4b0da14e?cid=3a801d6e4c3e4435ac1c198bb146d2cc,"[{'external_urls': {'spotify': 'https://open.spotify.com/artist/1deQzOQwArAsUgm2WdjtyI'}, 'href': 'https://api.spotify.com/v1/artists/1deQzOQwArAsUgm2WdjtyI', 'id': '1deQzOQwArAsUgm2WdjtyI', 'name': 'Sajjan Raj Vaidya', 'type': 'artist', 'uri': 'spotify:artist:1deQzOQwArAsUgm2WdjtyI'}, {'external_urls': {'spotify': 'https://open.spotify.com/artist/3Sw9fGSv8Ms7f0AcI5ewh8'}, 'href': 'https://api.spotify.com/v1/artists/3Sw9fGSv8Ms7f0AcI5ewh8', 'id': '3Sw9fGSv8Ms7f0AcI5ewh8', 'name': 'Dixita Karki', 'type': 'artist', 'uri': 'spotify:artist:3Sw9fGSv8Ms7f0AcI5ewh8'}]",0.735,0.459,0.328,0.34,0.11,-12.146,0.0362,125.643,0.309,36,"[0.309, 0.328]"
5,7,Suna Kaanchi,2,7Kh6uUEyql7rzf8rMmmYKj,Pahaar,spotify:track:7Kh6uUEyql7rzf8rMmmYKj,https://p.scdn.co/mp3-preview/48c24b30edd5cad7a79ffa2e0af812427ce9842e?cid=3a801d6e4c3e4435ac1c198bb146d2cc,"[{'external_urls': {'spotify': 'https://open.spotify.com/artist/1deQzOQwArAsUgm2WdjtyI'}, 'href': 'https://api.spotify.com/v1/artists/1deQzOQwArAsUgm2WdjtyI', 'id': '1deQzOQwArAsUgm2WdjtyI', 'name': 'Sajjan Raj Vaidya', 'type': 'artist', 'uri': 'spotify:artist:1deQzOQwArAsUgm2WdjtyI'}]",0.262,0.52,0.539,0.0,0.214,-9.197,0.027,94.897,0.179,39,"[0.179, 0.539]"
6,8,Pahaar (Live Version),1,0EUxdsQ25l0BMgdVQNhAy2,Pahaar - Live Version,spotify:track:0EUxdsQ25l0BMgdVQNhAy2,https://p.scdn.co/mp3-preview/48c24b30edd5cad7a79ffa2e0af812427ce9842e?cid=3a801d6e4c3e4435ac1c198bb146d2cc,"[{'external_urls': {'spotify': 'https://open.spotify.com/artist/1deQzOQwArAsUgm2WdjtyI'}, 'href': 'https://api.spotify.com/v1/artists/1deQzOQwArAsUgm2WdjtyI', 'id': '1deQzOQwArAsUgm2WdjtyI', 'name': 'Sajjan Raj Vaidya', 'type': 'artist', 'uri': 'spotify:artist:1deQzOQwArAsUgm2WdjtyI'}]",0.262,0.52,0.539,0.0,0.214,-9.197,0.027,94.897,0.179,38,"[0.179, 0.539]"
7,9,Pahaar (Live Version),2,7CgwUXqJyD7BjIzXsuVKBT,Nothing In My Head Besides Timi,spotify:track:7CgwUXqJyD7BjIzXsuVKBT,https://p.scdn.co/mp3-preview/7f83ef963f323fbd7acb8b04101784689071f827?cid=3a801d6e4c3e4435ac1c198bb146d2cc,"[{'external_urls': {'spotify': 'https://open.spotify.com/artist/1deQzOQwArAsUgm2WdjtyI'}, 'href': 'https://api.spotify.com/v1/artists/1deQzOQwArAsUgm2WdjtyI', 'id': '1deQzOQwArAsUgm2WdjtyI', 'name': 'Sajjan Raj Vaidya', 'type': 'artist', 'uri': 'spotify:artist:1deQzOQwArAsUgm2WdjtyI'}]",0.0376,0.542,0.881,0.0,0.0677,-5.428,0.0411,137.222,0.89,34,"[0.89, 0.881]"
8,10,Ujeli,1,1cY8DmEeV6gkbxFazKmsSN,Ujeli,spotify:track:1cY8DmEeV6gkbxFazKmsSN,https://p.scdn.co/mp3-preview/50d0a972b37fb268de7008346c1173ba399cb0bb?cid=3a801d6e4c3e4435ac1c198bb146d2cc,"[{'external_urls': {'spotify': 'https://open.spotify.com/artist/1deQzOQwArAsUgm2WdjtyI'}, 'href': 'https://api.spotify.com/v1/artists/1deQzOQwArAsUgm2WdjtyI', 'id': '1deQzOQwArAsUgm2WdjtyI', 'name': 'Sajjan Raj Vaidya', 'type': 'artist', 'uri': 'spotify:artist:1deQzOQwArAsUgm2WdjtyI'}]",0.811,0.508,0.446,2.82e-05,0.124,-7.996,0.0246,153.979,0.318,53,"[0.318, 0.446]"
9,13,Aayen Ma,1,37JMDhP16Cx3gGlkh4zfx2,Aayen Ma,spotify:track:37JMDhP16Cx3gGlkh4zfx2,https://p.scdn.co/mp3-preview/cd70406dfd7d0c55754cd3610b28d4af29d38811?cid=3a801d6e4c3e4435ac1c198bb146d2cc,"[{'external_urls': {'spotify': 'https://open.spotify.com/artist/1deQzOQwArAsUgm2WdjtyI'}, 'href': 'https://api.spotify.com/v1/artists/1deQzOQwArAsUgm2WdjtyI', 'id': '1deQzOQwArAsUgm2WdjtyI', 'name': 'Sajjan Raj Vaidya', 'type': 'artist', 'uri': 'spotify:artist:1deQzOQwArAsUgm2WdjtyI'}]",0.57,0.51,0.55,2.01e-05,0.17,-7.875,0.0327,155.915,0.238,39,"[0.238, 0.55]"
10,14,Katha: Episode VI - Aaundai Jaandai,1,10GfcvUgsZlpTtJiDXd3jZ,Katha: Episode VI - Aaundai Jaandai,spotify:track:10GfcvUgsZlpTtJiDXd3jZ,https://p.scdn.co/mp3-preview/897b56e493b308af80ce2b67b7e32eec7275f2c7?cid=3a801d6e4c3e4435ac1c198bb146d2cc,"[{'external_urls': {'spotify': 'https://open.spotify.com/artist/1deQzOQwArAsUgm2WdjtyI'}, 'href': 'https://api.spotify.com/v1/artists/1deQzOQwArAsUgm2WdjtyI', 'id': '1deQzOQwArAsUgm2WdjtyI', 'name': 'Sajjan Raj Vaidya', 'type': 'artist', 'uri': 'spotify:artist:1deQzOQwArAsUgm2WdjtyI'}, {'external_urls': {'spotify': 'https://open.spotify.com/artist/3HCXwGbcij73gYMdmHjFQf'}, 'href': 'https://api.spotify.com/v1/artists/3HCXwGbcij73gYMdmHjFQf', 'id': '3HCXwGbcij73gYMdmHjFQf', 'name': 'Manish Gandharva', 'type': 'artist', 'uri': 'spotify:artist:3HCXwGbcij73gYMdmHjFQf'}, {'external_urls': {'spotify': 'https://open.spotify.com/artist/4QNSrG0YTLP5u1KFnVvMQo'}, 'href': 'https://api.spotify.com/v1/artists/4QNSrG0YTLP5u1KFnVvMQo', 'id': '4QNSrG0YTLP5u1KFnVvMQo', 'name': 'Sarun Tamrakar', 'type': 'artist', 'uri': 'spotify:artist:4QNSrG0YTLP5u1KFnVvMQo'}]",0.841,0.373,0.258,0.0,0.107,-9.716,0.0302,133.869,0.364,36,"[0.364, 0.258]"
11,15,Hyatteri,1,0kMqT2uW2NijYJTcot7IWE,Hyatteri,spotify:track:0kMqT2uW2NijYJTcot7IWE,https://p.scdn.co/mp3-preview/8aaa96771276049af93c145efda30b482b721a78?cid=3a801d6e4c3e4435ac1c198bb146d2cc,"[{'external_urls': {'spotify': 'https://open.spotify.com/artist/1deQzOQwArAsUgm2WdjtyI'}, 'href': 'https://api.spotify.com/v1/artists/1deQzOQwArAsUgm2WdjtyI', 'id': '1deQzOQwArAsUgm2WdjtyI', 'name': 'Sajjan Raj Vaidya', 'type': 'artist', 'uri': 'spotify:artist:1deQzOQwArAsUgm2WdjtyI'}]",0.204,0.655,0.549,0.0,0.658,-10.821,0.0439,75.048,0.856,53,"[0.856, 0.549]"
12,16,Dhairya,1,1pKprNwMXs64PhxFcFMWCA,Dhairya,spotify:track:1pKprNwMXs64PhxFcFMWCA,https://p.scdn.co/mp3-preview/718ebb91b1b6fdac3f8c419d3f2782e54bfe7cac?cid=3a801d6e4c3e4435ac1c198bb146d2cc,"[{'external_urls': {'spotify': 'https://open.spotify.com/artist/1deQzOQwArAsUgm2WdjtyI'}, 'href': 'https://api.spotify.com/v1/artists/1deQzOQwArAsUgm2WdjtyI', 'id': '1deQzOQwArAsUgm2WdjtyI', 'name': 'Sajjan Raj Vaidya', 'type': 'artist', 'uri': 'spotify:artist:1deQzOQwArAsUgm2WdjtyI'}]",0.786,0.199,0.322,1.98e-05,0.0879,-13.338,0.0297,186.079,0.304,55,"[0.304, 0.322]"
13,17,Katha: Episode V - Alapatra,1,3Q5JcxqKmSE9hKGk3WmspW,Katha: Episode V - Alapatra,spotify:track:3Q5JcxqKmSE9hKGk3WmspW,https://p.scdn.co/mp3-preview/bae94c73b90c10b7513e9db501de5db22a5953e9?cid=3a801d6e4c3e4435ac1c198bb146d2cc,"[{'external_urls': {'spotify': 'https://open.spotify.com/artist/1deQzOQwArAsUgm2WdjtyI'}, 'href': 'https://api.spotify.com/v1/artists/1deQzOQwArAsUgm2WdjtyI', 'id': '1deQzOQwArAsUgm2WdjtyI', 'name': 'Sajjan Raj Vaidya', 'type': 'artist', 'uri': 'spotify:artist:1deQzOQwArAsUgm2WdjtyI'}, {'external_urls': {'spotify': 'https://open.spotify.com/artist/1D0B4qrMRfjzDfBlijs3YH'}, 'href': 'https://api.spotify.com/v1/artists/1D0B4qrMRfjzDfBlijs3YH', 'id': '1D0B4qrMRfjzDfBlijs3YH', 'name': 'Yabesh Thapa', 'type': 'artist', 'uri': 'spotify:artist:1D0B4qrMRfjzDfBlijs3YH'}]",0.784,0.47,0.2,2.07e-05,0.104,-11.224,0.0387,132.365,0.308,43,"[0.308, 0.2]"
14,18,Ek Sarvanaam,1,25jpyDVM8HFfNuos94WiE0,Ek Sarvanaam,spotify:track:25jpyDVM8HFfNuos94WiE0,https://p.scdn.co/mp3-preview/befce3c8b71031d4697774ff26233cd5ea758971?cid=3a801d6e4c3e4435ac1c198bb146d2cc,"[{'external_urls': {'spotify': 'https://open.spotify.com/artist/1deQzOQwArAsUgm2WdjtyI'}, 'href': 'https://api.spotify.com/v1/artists/1deQzOQwArAsUgm2WdjtyI', 'id': '1deQzOQwArAsUgm2WdjtyI', 'name': 'Sajjan Raj Vaidya', 'type': 'artist', 'uri': 'spotify:artist:1deQzOQwArAsUgm2WdjtyI'}]",0.591,0.624,0.348,0.000704,0.124,-13.64,0.0291,116.04,0.637,45,"[0.637, 0.348]"
15,19,Sasto Mutu,1,4iHcmWi4kGGNCEk44ZIXIc,Sasto Mutu,spotify:track:4iHcmWi4kGGNCEk44ZIXIc,https://p.scdn.co/mp3-preview/894682c19eb938e46513e44fbb590f3a85530bb8?cid=3a801d6e4c3e4435ac1c198bb146d2cc,"[{'external_urls': {'spotify': 'https://open.spotify.com/artist/1deQzOQwArAsUgm2WdjtyI'}, 'href': 'https://api.spotify.com/v1/artists/1deQzOQwArAsUgm2WdjtyI', 'id': '1deQzOQwArAsUgm2WdjtyI', 'name': 'Sajjan Raj Vaidya', 'type': 'artist', 'uri': 'spotify:artist:1deQzOQwArAsUgm2WdjtyI'}]",0.705,0.522,0.538,6.52e-06,0.338,-9.408,0.0275,156.006,0.369,58,"[0.369, 0.538]"
16,20,Naganya Maya,1,4sakBPqSpuj6FJti1rPme7,Naganya Maya,spotify:track:4sakBPqSpuj6FJti1rPme7,https://p.scdn.co/mp3-preview/76674fe39845a0b1d1755150de43b9da74c49ad5?cid=3a801d6e4c3e4435ac1c198bb146d2cc,"[{'external_urls': {'spotify': 'https://open.spotify.com/artist/1deQzOQwArAsUgm2WdjtyI'}, 'href': 'https://api.spotify.com/v1/artists/1deQzOQwArAsUgm2WdjtyI', 'id': '1deQzOQwArAsUgm2WdjtyI', 'name': 'Sajjan Raj Vaidya', 'type': 'artist', 'uri': 'spotify:artist:1deQzOQwArAsUgm2WdjtyI'}]",0.865,0.282,0.26,0.000743,0.122,-12.348,0.0295,171.152,0.205,55,"[0.205, 0.26]"
17,21,Parkhaai,1,2ek8eVDHsdmzPHIhyVNJJe,Parkhaai,spotify:track:2ek8eVDHsdmzPHIhyVNJJe,https://p.scdn.co/mp3-preview/bad2843c91f0ec2417d73db9ca92229271fe944a?cid=3a801d6e4c3e4435ac1c198bb146d2cc,"[{'external_urls': {'spotify': 'https://open.spotify.com/artist/1deQzOQwArAsUgm2WdjtyI'}, 'href': 'https://api.spotify.com/v1/artists/1deQzOQwArAsUgm2WdjtyI', 'id': '1deQzOQwArAsUgm2WdjtyI', 'name': 'Sajjan Raj Vaidya', 'type': 'artist', 'uri': 'spotify:artist:1deQzOQwArAsUgm2WdjtyI'}]",0.815,0.658,0.28,0.000794,0.28,-10.421,0.0325,119.979,0.337,51,"[0.337, 0.28]"
18,22,Parkhaai,2,01DNXEEngoTrrI0DMLRJoI,Sukumbaasi,spotify:track:01DNXEEngoTrrI0DMLRJoI,https://p.scdn.co/mp3-preview/f7ecd69db93dc000f4932604ded82464b3645720?cid=3a801d6e4c3e4435ac1c198bb146d2cc,"[{'external_urls': {'spotify': 'https://open.spotify.com/artist/1deQzOQwArAsUgm2WdjtyI'}, 'href': 'https://api.spotify.com/v1/artists/1deQzOQwArAsUgm2WdjtyI', 'id': '1deQzOQwArAsUgm2WdjtyI', 'name': 'Sajjan Raj Vaidya', 'type': 'artist', 'uri': 'spotify:artist:1deQzOQwArAsUgm2WdjtyI'}]",0.75,0.701,0.215,0.0443,0.0613,-14.931,0.0492,119.95,0.209,34,"[0.209, 0.215]"
19,23,Parkhaai,3,30JIX9O5XPxZtOox3U9W6F,Ultaa Paailaa,spotify:track:30JIX9O5XPxZtOox3U9W6F,https://p.scdn.co/mp3-preview/36f90bd4b9b970e39b0a13c787b5e059880d8d72?cid=3a801d6e4c3e4435ac1c198bb146d2cc,"[{'external_urls': {'spotify': 'https://open.spotify.com/artist/1deQzOQwArAsUgm2WdjtyI'}, 'href': 'https://api.spotify.com/v1/artists/1deQzOQwArAsUgm2WdjtyI', 'id': '1deQzOQwArAsUgm2WdjtyI', 'name': 'Sajjan Raj Vaidya', 'type': 'artist', 'uri': 'spotify:artist:1deQzOQwArAsUgm2WdjtyI'}]",0.782,0.479,0.22,3.95e-05,0.123,-14.248,0.0306,74.282,0.279,36,"[0.279, 0.22]"
20,25,Lukaamaari,1,6PgAZFD8x5KwV0tKLkm4gf,Lukaamaari,spotify:track:6PgAZFD8x5KwV0tKLkm4gf,https://p.scdn.co/mp3-preview/8c1721256613376665f7825123c45491daa01a0c?cid=3a801d6e4c3e4435ac1c198bb146d2cc,"[{'external_urls': {'spotify': 'https://open.spotify.com/artist/1deQzOQwArAsUgm2WdjtyI'}, 'href': 'https://api.spotify.com/v1/artists/1deQzOQwArAsUgm2WdjtyI', 'id': '1deQzOQwArAsUgm2WdjtyI', 'name': 'Sajjan Raj Vaidya', 'type': 'artist', 'uri': 'spotify:artist:1deQzOQwArAsUgm2WdjtyI'}]",0.559,0.341,0.242,7.21e-05,0.192,-13.425,0.0327,89.204,0.311,46,"[0.311, 0.242]"
21,26,Purva Jaaney Panchi,1,0x7IaHEklh7XfRj3PNVDef,Purva Jaaney Panchi,spotify:track:0x7IaHEklh7XfRj3PNVDef,https://p.scdn.co/mp3-preview/f92f0432d6c112f286c69038345f00b629d552ed?cid=3a801d6e4c3e4435ac1c198bb146d2cc,"[{'external_urls': {'spotify': 'https://open.spotify.com/artist/1deQzOQwArAsUgm2WdjtyI'}, 'href': 'https://api.spotify.com/v1/artists/1deQzOQwArAsUgm2WdjtyI', 'id': '1deQzOQwArAsUgm2WdjtyI', 'name': 'Sajjan Raj Vaidya', 'type': 'artist', 'uri': 'spotify:artist:1deQzOQwArAsUgm2WdjtyI'}, {'external_urls': {'spotify': 'https://open.spotify.com/artist/5cMU6M0MAZQh7SHWtYj71P'}, 'href': 'https://api.spotify.com/v1/artists/5cMU6M0MAZQh7SHWtYj71P', 'id': '5cMU6M0MAZQh7SHWtYj71P', 'name': 'Joyous Gurung', 'type': 'artist', 'uri': 'spotify:artist:5cMU6M0MAZQh7SHWtYj71P'}]",0.736,0.435,0.22,0.0,0.113,-14.124,0.0317,137.092,0.352,31,"[0.352, 0.22]"
22,27,Parkha Na,1,4zdOY2zRsFjG2B8OMH17sJ,Parkha Na,spotify:track:4zdOY2zRsFjG2B8OMH17sJ,https://p.scdn.co/mp3-preview/3f19a36b43a6665deb63fb0161b2666639952c38?cid=3a801d6e4c3e4435ac1c198bb146d2cc,"[{'external_urls': {'spotify': 'https://open.spotify.com/artist/5R5EUMWsrYDt3ItavrP6C5'}, 'href': 'https://api.spotify.com/v1/artists/5R5EUMWsrYDt3ItavrP6C5', 'id': '5R5EUMWsrYDt3ItavrP6C5', 'name': 'Sushant KC', 'type': 'artist', 'uri': 'spotify:artist:5R5EUMWsrYDt3ItavrP6C5'}]",0.553,0.691,0.374,1.07e-05,0.113,-11.623,0.0789,151.954,0.381,44,"[0.381, 0.374]"
23,28,Jhyal Bata,1,3xy94W4sjVZv1BhsdmgwAS,Jhyal Bata,spotify:track:3xy94W4sjVZv1BhsdmgwAS,https://p.scdn.co/mp3-preview/4ae39c80e075ea388ed0b9382a1bca9bf99d7c0a?cid=3a801d6e4c3e4435ac1c198bb146d2cc,"[{'external_urls': {'spotify': 'https://open.spotify.com/artist/5R5EUMWsrYDt3ItavrP6C5'}, 'href': 'https://api.spotify.com/v1/artists/5R5EUMWsrYDt3ItavrP6C5', 'id': '5R5EUMWsrYDt3ItavrP6C5', 'name': 'Sushant KC', 'type': 'artist', 'uri': 'spotify:artist:5R5EUMWsrYDt3ItavrP6C5'}]",0.814,0.371,0.354,0.0,0.147,-8.727,0.038,80.714,0.229,49,"[0.229, 0.354]"
24,29,Atteri,1,78W8nJUvPkhFMXZlyISbvf,Atteri,spotify:track:78W8nJUvPkhFMXZlyISbvf,https://p.scdn.co/mp3-preview/2a236283aac4868259cdbf3be9ae8ab0f097105a?cid=3a801d6e4c3e4435ac1c198bb146d2cc,"[{'external_urls': {'spotify': 'https://open.spotify.com/artist/5R5EUMWsrYDt3ItavrP6C5'}, 'href': 'https://api.spotify.com/v1/artists/5R5EUMWsrYDt3ItavrP6C5', 'id': '5R5EUMWsrYDt3ItavrP6C5', 'name': 'Sushant KC', 'type': 'artist', 'uri': 'spotify:artist:5R5EUMWsrYDt3ItavrP6C5'}]",0.566,0.392,0.644,1.31e-06,0.102,-6.121,0.0325,150.107,0.292,43,"[0.292, 0.644]"
25,30,Behos,1,3Rqzc6Jiexj1KJrXBKehEq,Behos,spotify:track:3Rqzc6Jiexj1KJrXBKehEq,https://p.scdn.co/mp3-preview/ce1a193a75f4f3c08e297c13b8df096be56fe038?cid=3a801d6e4c3e4435ac1c198bb146d2cc,"[{'external_urls': {'spotify': 'https://open.spotify.com/artist/5R5EUMWsrYDt3ItavrP6C5'}, 'href': 'https://api.spotify.com/v1/artists/5R5EUMWsrYDt3ItavrP6C5', 'id': '5R5EUMWsrYDt3ItavrP6C5', 'name': 'Sushant KC', 'type': 'artist', 'uri': 'spotify:artist:5R5EUMWsrYDt3ItavrP6C5'}, {'external_urls': {'spotify': 'https://open.spotify.com/artist/4zpcRnIPiVnSgahFpQRiMN'}, 'href': 'https://api.spotify.com/v1/artists/4zpcRnIPiVnSgahFpQRiMN', 'id': '4zpcRnIPiVnSgahFpQRiMN', 'name': 'Ruslan Studio', 'type': 'artist', 'uri': 'spotify:artist:4zpcRnIPiVnSgahFpQRiMN'}, {'external_urls': {'spotify': 'https://open.spotify.com/artist/5HfnXv8QG6AKoIJNI7NDWW'}, 'href': 'https://api.spotify.com/v1/artists/5HfnXv8QG6AKoIJNI7NDWW', 'id': '5HfnXv8QG6AKoIJNI7NDWW', 'name': 'The Bangers', 'type': 'artist', 'uri': 'spotify:artist:5HfnXv8QG6AKoIJNI7NDWW'}]",0.687,0.494,0.497,0.0,0.0774,-8.257,0.0315,146.059,0.251,33,"[0.251, 0.497]"
26,31,Sarangi,1,0pYMa1j9R24qW50J4yc0X3,Sarangi,spotify:track:0pYMa1j9R24qW50J4yc0X3,https://p.scdn.co/mp3-preview/1974097e1c0eba863d5b81450c87593f575d883f?cid=3a801d6e4c3e4435ac1c198bb146d2cc,"[{'external_urls': {'spotify': 'https://open.spotify.com/artist/5R5EUMWsrYDt3ItavrP6C5'}, 'href': 'https://api.spotify.com/v1/artists/5R5EUMWsrYDt3ItavrP6C5', 'id': '5R5EUMWsrYDt3ItavrP6C5', 'name': 'Sushant KC', 'type': 'artist', 'uri': 'spotify:artist:5R5EUMWsrYDt3ItavrP6C5'}]",0.517,0.551,0.496,4.78e-06,0.122,-7.64,0.0291,80.01,0.293,59,"[0.293, 0.496]"
27,32,Gajalu,1,1rdEAQXWUTLSK2uiFrwyW3,Gajalu,spotify:track:1rdEAQXWUTLSK2uiFrwyW3,https://p.scdn.co/mp3-preview/8fc0030d2076a7577df90ad1fe4785c23374f349?cid=3a801d6e4c3e4435ac1c198bb146d2cc,"[{'external_urls': {'spotify': 'https://open.spotify.com/artist/5R5EUMWsrYDt3ItavrP6C5'}, 'href': 'https://api.spotify.com/v1/artists/5R5EUMWsrYDt3ItavrP6C5', 'id': '5R5EUMWsrYDt3ItavrP6C5', 'name': 'Sushant KC', 'type': 'artist', 'uri': 'spotify:artist:5R5EUMWsrYDt3ItavrP6C5'}]",0.884,0.408,0.195,0.00175,0.111,-15.435,0.0329,154.484,0.216,49,"[0.216, 0.195]"
28,33,Hawa Le,1,6zuE4QWlxf5WMK6dQPvFHj,Hawa Le,spotify:track:6zuE4QWlxf5WMK6dQPvFHj,https://p.scdn.co/mp3-preview/0a90f5c2348789b948c33d2ad6425d3fefa39336?cid=3a801d6e4c3e4435ac1c198bb146d2cc,"[{'external_urls': {'spotify': 'https://open.spotify.com/artist/5R5EUMWsrYDt3ItavrP6C5'}, 'href': 'https://api.spotify.com/v1/artists/5R5EUMWsrYDt3ItavrP6C5', 'id': '5R5EUMWsrYDt3ItavrP6C5', 'name': 'Sushant KC', 'type': 'artist', 'uri': 'spotify:artist:5R5EUMWsrYDt3ItavrP6C5'}]",0.174,0.677,0.333,8.2e-05,0.145,-17.191,0.0419,95.036,0.345,47,"[0.345, 0.333]"
29,34,Baimani,1,22iBmoVrgIxGpiaIPHToBJ,Baimani,spotify:track:22iBmoVrgIxGpiaIPHToBJ,https://p.scdn.co/mp3-preview/47bcf5938ddc0c54a89af8de4f54ae60fb468423?cid=3a801d6e4c3e4435ac1c198bb146d2cc,"[{'external_urls': {'spotify': 'https://open.spotify.com/artist/5R5EUMWsrYDt3ItavrP6C5'}, 'href': 'https://api.spotify.com/v1/artists/5R5EUMWsrYDt3ItavrP6C5', 'id': '5R5EUMWsrYDt3ItavrP6C5', 'name': 'Sushant KC', 'type': 'artist', 'uri': 'spotify:artist:5R5EUMWsrYDt3ItavrP6C5'}]",0.611,0.466,0.347,0.000391,0.0931,-11.755,0.0273,142.994,0.154,44,"[0.154, 0.347]"
30,35,Lilac Fashion (Remix) [slowed + reverb],1,5TsBLQUfy9cOPph0QJPwkJ,Lilac Fashion (Remix) - slowed + reverb,spotify:track:5TsBLQUfy9cOPph0QJPwkJ,https://p.scdn.co/mp3-preview/cb19975444cb9a308d4be794d626648f845f639c?cid=3a801d6e4c3e4435ac1c198bb146d2cc,"[{'external_urls': {'spotify': 'https://open.spotify.com/artist/1onW0aoWIXT09Pb9REqwO5'}, 'href': 'https://api.spotify.com/v1/artists/1onW0aoWIXT09Pb9REqwO5', 'id': '1onW0aoWIXT09Pb9REqwO5', 'name': 'LIL Rock Look', 'type': 'artist', 'uri': 'spotify:artist:1onW0aoWIXT09Pb9REqwO5'}, {'external_urls': {'spotify': 'https://open.spotify.com/artist/3DCpwzO6gwjI3gUTHW92ct'}, 'href': 'https://api.spotify.com/v1/artists/3DCpwzO6gwjI3gUTHW92ct', 'id': '3DCpwzO6gwjI3gUTHW92ct', 'name': 'Jay Author', 'type': 'artist', 'uri': 'spotify:artist:3DCpwzO6gwjI3gUTHW92ct'}, {'external_urls': {'spotify': 'https://open.spotify.com/artist/5R5EUMWsrYDt3ItavrP6C5'}, 'href': 'https://api.spotify.com/v1/artists/5R5EUMWsrYDt3ItavrP6C5', 'id': '5R5EUMWsrYDt3ItavrP6C5', 'name': 'Sushant KC', 'type': 'artist', 'uri': 'spotify:artist:5R5EUMWsrYDt3ItavrP6C5'}]",0.161,0.747,0.828,0.0,0.298,-7.612,0.179,111.446,0.406,25,"[0.406, 0.828]"
31,36,Yaad,1,5SyRppPiG63Ci4sZ58c5og,Yaad,spotify:track:5SyRppPiG63Ci4sZ58c5og,https://p.scdn.co/mp3-preview/79d8896cde5682f0f8c5d8f545a13e77ab8e4ea5?cid=3a801d6e4c3e4435ac1c198bb146d2cc,"[{'external_urls': {'spotify': 'https://open.spotify.com/artist/5R5EUMWsrYDt3ItavrP6C5'}, 'href': 'https://api.spotify.com/v1/artists/5R5EUMWsrYDt3ItavrP6C5', 'id': '5R5EUMWsrYDt3ItavrP6C5', 'name': 'Sushant KC', 'type': 'artist', 'uri': 'spotify:artist:5R5EUMWsrYDt3ItavrP6C5'}, {'external_urls': {'spotify': 'https://open.spotify.com/artist/09Dgzq8dbeGVQ6G30PRSEI'}, 'href': 'https://api.spotify.com/v1/artists/09Dgzq8dbeGVQ6G30PRSEI', 'id': '09Dgzq8dbeGVQ6G30PRSEI', 'name': 'Brijesh Shrestha', 'type': 'artist', 'uri': 'spotify:artist:09Dgzq8dbeGVQ6G30PRSEI'}]",0.133,0.706,0.666,0.194,0.179,-7.833,0.0443,119.99,0.505,41,"[0.505, 0.666]"
32,37,Baddie,1,0QqnqTrwAAN08SkQ0tDtZd,Baddie,spotify:track:0QqnqTrwAAN08SkQ0tDtZd,https://p.scdn.co/mp3-preview/8246c0f7bbff73e355d2d71e6c6f77fc7d5e0275?cid=3a801d6e4c3e4435ac1c198bb146d2cc,"[{'external_urls': {'spotify': 'https://open.spotify.com/artist/0nBwXujeGS6p2EJCQsUeDe'}, 'href': 'https://api.spotify.com/v1/artists/0nBwXujeGS6p2EJCQsUeDe', 'id': '0nBwXujeGS6p2EJCQsUeDe', 'name': 'Abboye', 'type': 'artist', 'uri': 'spotify:artist:0nBwXujeGS6p2EJCQsUeDe'}, {'external_urls': {'spotify': 'https://open.spotify.com/artist/1onW0aoWIXT09Pb9REqwO5'}, 'href': 'https://api.spotify.com/v1/artists/1onW0aoWIXT09Pb9REqwO5', 'id': '1onW0aoWIXT09Pb9REqwO5', 'name': 'LIL Rock Look', 'type': 'artist', 'uri': 'spotify:artist:1onW0aoWIXT09Pb9REqwO5'}, {'external_urls': {'spotify': 'https://open.spotify.com/artist/5R5EUMWsrYDt3ItavrP6C5'}, 'href': 'https://api.spotify.com/v1/artists/5R5EUMWsrYDt3ItavrP6C5', 'id': '5R5EUMWsrYDt3ItavrP6C5', 'name': 'Sushant KC', 'type': 'artist', 'uri': 'spotify:artist:5R5EUMWsrYDt3ItavrP6C5'}]",0.0594,0.801,0.578,0.0,0.271,-10.418,0.157,90.006,0.567,25,"[0.567, 0.578]"
33,38,Risaune Bhaye,1,107dfwT1uvQLnwlijb6S3P,Risaune Bhaye,spotify:track:107dfwT1uvQLnwlijb6S3P,https://p.scdn.co/mp3-preview/797ab3c9af4daa5161e05aad6234fc0488c5df8f?cid=3a801d6e4c3e4435ac1c198bb146d2cc,"[{'external_urls': {'spotify': 'https://open.spotify.com/artist/5R5EUMWsrYDt3ItavrP6C5'}, 'href': 'https://api.spotify.com/v1/artists/5R5EUMWsrYDt3ItavrP6C5', 'id': '5R5EUMWsrYDt3ItavrP6C5', 'name': 'Sushant KC', 'type': 'artist', 'uri': 'spotify:artist:5R5EUMWsrYDt3ItavrP6C5'}]",0.742,0.388,0.51,3.7e-05,0.109,-12.182,0.0594,149.995,0.587,31,"[0.587, 0.51]"
34,39,Harauna Deu,1,5x9MSWrQkwN5KiiSi4esDo,Harauna Deu,spotify:track:5x9MSWrQkwN5KiiSi4esDo,https://p.scdn.co/mp3-preview/4baa6e2e2e2e08bbd999a47bd7d520f856a3f65a?cid=3a801d6e4c3e4435ac1c198bb146d2cc,"[{'external_urls': {'spotify': 'https://open.spotify.com/artist/3weEbZpMIvB6dHJjuXqcqB'}, 'href': 'https://api.spotify.com/v1/artists/3weEbZpMIvB6dHJjuXqcqB', 'id': '3weEbZpMIvB6dHJjuXqcqB', 'name': 'Swoopna Suman', 'type': 'artist', 'uri': 'spotify:artist:3weEbZpMIvB6dHJjuXqcqB'}, {'external_urls': {'spotify': 'https://open.spotify.com/artist/5R5EUMWsrYDt3ItavrP6C5'}, 'href': 'https://api.spotify.com/v1/artists/5R5EUMWsrYDt3ItavrP6C5', 'id': '5R5EUMWsrYDt3ItavrP6C5', 'name': 'Sushant KC', 'type': 'artist', 'uri': 'spotify:artist:5R5EUMWsrYDt3ItavrP6C5'}, {'external_urls': {'spotify': 'https://open.spotify.com/artist/2K1BZIx9cSYIaWJe31MqMT'}, 'href': 'https://api.spotify.com/v1/artists/2K1BZIx9cSYIaWJe31MqMT', 'id': '2K1BZIx9cSYIaWJe31MqMT', 'name': 'Foeseal', 'type': 'artist', 'uri': 'spotify:artist:2K1BZIx9cSYIaWJe31MqMT'}]",0.333,0.623,0.648,0.000275,0.211,-8.542,0.0322,95.997,0.467,35,"[0.467, 0.648]"
35,40,Get Together (feat. Sushant KC),1,09E7itfoqdjaQnDAXbPtyo,Get Together (feat. Sushant KC),spotify:track:09E7itfoqdjaQnDAXbPtyo,https://p.scdn.co/mp3-preview/6ce35a43a307d3652a2fba16891a610c243d36c6?cid=3a801d6e4c3e4435ac1c198bb146d2cc,"[{'external_urls': {'spotify': 'https://open.spotify.com/artist/1Cs0zKBU1kc0i8ypK3B9ai'}, 'href': 'https://api.spotify.com/v1/artists/1Cs0zKBU1kc0i8ypK3B9ai', 'id': '1Cs0zKBU1kc0i8ypK3B9ai', 'name': 'David Guetta', 'type': 'artist', 'uri': 'spotify:artist:1Cs0zKBU1kc0i8ypK3B9ai'}, {'external_urls': {'spotify': 'https://open.spotify.com/artist/5R5EUMWsrYDt3ItavrP6C5'}, 'href': 'https://api.spotify.com/v1/artists/5R5EUMWsrYDt3ItavrP6C5', 'id': '5R5EUMWsrYDt3ItavrP6C5', 'name': 'Sushant KC', 'type': 'artist', 'uri': 'spotify:artist:5R5EUMWsrYDt3ItavrP6C5'}]",0.0461,0.745,0.745,1.76e-06,0.056,-5.712,0.0645,114.979,0.696,21,"[0.696, 0.745]"
36,41,Dhanyabad,1,6oW8kYgJuE2MwizsNldw33,Dhanyabad,spotify:track:6oW8kYgJuE2MwizsNldw33,https://p.scdn.co/mp3-preview/494f30707cb7b4cef4aa8d2e3ad6c24f6708776c?cid=3a801d6e4c3e4435ac1c198bb146d2cc,"[{'external_urls': {'spotify': 'https://open.spotify.com/artist/5R5EUMWsrYDt3ItavrP6C5'}, 'href': 'https://api.spotify.com/v1/artists/5R5EUMWsrYDt3ItavrP6C5', 'id': '5R5EUMWsrYDt3ItavrP6C5', 'name': 'Sushant KC', 'type': 'artist', 'uri': 'spotify:artist:5R5EUMWsrYDt3ItavrP6C5'}, {'external_urls': {'spotify': 'https://open.spotify.com/artist/2K1BZIx9cSYIaWJe31MqMT'}, 'href': 'https://api.spotify.com/v1/artists/2K1BZIx9cSYIaWJe31MqMT', 'id': '2K1BZIx9cSYIaWJe31MqMT', 'name': 'Foeseal', 'type': 'artist', 'uri': 'spotify:artist:2K1BZIx9cSYIaWJe31MqMT'}]",0.498,0.588,0.723,0.00442,0.0882,-5.968,0.0417,95.001,0.435,30,"[0.435, 0.723]"
37,42,Don't Worry(Remix),1,6ZLZvfDtpDBZjSx4ZwUlqQ,Don't Worry(Remix),spotify:track:6ZLZvfDtpDBZjSx4ZwUlqQ,https://p.scdn.co/mp3-preview/5bd442883e47cedee8d217cd35508326db1409dd?cid=3a801d6e4c3e4435ac1c198bb146d2cc,"[{'external_urls': {'spotify': 'https://open.spotify.com/artist/5R5EUMWsrYDt3ItavrP6C5'}, 'href': 'https://api.spotify.com/v1/artists/5R5EUMWsrYDt3ItavrP6C5', 'id': '5R5EUMWsrYDt3ItavrP6C5', 'name': 'Sushant KC', 'type': 'artist', 'uri': 'spotify:artist:5R5EUMWsrYDt3ItavrP6C5'}, {'external_urls': {'spotify': 'https://open.spotify.com/artist/1DRHcln51pmyRMUNNO38hj'}, 'href': 'https://api.spotify.com/v1/artists/1DRHcln51pmyRMUNNO38hj', 'id': '1DRHcln51pmyRMUNNO38hj', 'name': 'Utsav', 'type': 'artist', 'uri': 'spotify:artist:1DRHcln51pmyRMUNNO38hj'}]",0.312,0.428,0.676,0.000254,0.215,-6.358,0.0348,90.085,0.277,24,"[0.277, 0.676]"
38,43,Aasha,1,2uFqhpsEnec3AzAfnGS3SO,Aasha,spotify:track:2uFqhpsEnec3AzAfnGS3SO,https://p.scdn.co/mp3-preview/cf0819aaccc400df6e4447b7c0a087d371695629?cid=3a801d6e4c3e4435ac1c198bb146d2cc,"[{'external_urls': {'spotify': 'https://open.spotify.com/artist/5R5EUMWsrYDt3ItavrP6C5'}, 'href': 'https://api.spotify.com/v1/artists/5R5EUMWsrYDt3ItavrP6C5', 'id': '5R5EUMWsrYDt3ItavrP6C5', 'name': 'Sushant KC', 'type': 'artist', 'uri': 'spotify:artist:5R5EUMWsrYDt3ItavrP6C5'}]",0.862,0.454,0.0525,1.69e-06,0.129,-21.476,0.0425,158.707,0.169,28,"[0.169, 0.0525]"
39,44,Timro Maya,1,16ssbV7tWSa8fEkBCosuuS,Timro Maya,spotify:track:16ssbV7tWSa8fEkBCosuuS,https://p.scdn.co/mp3-preview/87bf5e194d0c0cf8b85ef503047d9e12397c4589?cid=3a801d6e4c3e4435ac1c198bb146d2cc,"[{'external_urls': {'spotify': 'https://open.spotify.com/artist/5R5EUMWsrYDt3ItavrP6C5'}, 'href': 'https://api.spotify.com/v1/artists/5R5EUMWsrYDt3ItavrP6C5', 'id': '5R5EUMWsrYDt3ItavrP6C5', 'name': 'Sushant KC', 'type': 'artist', 'uri': 'spotify:artist:5R5EUMWsrYDt3ItavrP6C5'}]",0.69,0.32,0.337,0.221,0.109,-12.837,0.0308,159.355,0.354,37,"[0.354, 0.337]"
40,45,Kheladi,1,2c5SddjkahATG7IlM4ecim,Kheladi,spotify:track:2c5SddjkahATG7IlM4ecim,https://p.scdn.co/mp3-preview/d61bde51b51e25866fa62a61577b8fe002ddfef3?cid=3a801d6e4c3e4435ac1c198bb146d2cc,"[{'external_urls': {'spotify': 'https://open.spotify.com/artist/5R5EUMWsrYDt3ItavrP6C5'}, 'href': 'https://api.spotify.com/v1/artists/5R5EUMWsrYDt3ItavrP6C5', 'id': '5R5EUMWsrYDt3ItavrP6C5', 'name': 'Sushant KC', 'type': 'artist', 'uri': 'spotify:artist:5R5EUMWsrYDt3ItavrP6C5'}, {'external_urls': {'spotify': 'https://open.spotify.com/artist/1DRHcln51pmyRMUNNO38hj'}, 'href': 'https://api.spotify.com/v1/artists/1DRHcln51pmyRMUNNO38hj', 'id': '1DRHcln51pmyRMUNNO38hj', 'name': 'Utsav', 'type': 'artist', 'uri': 'spotify:artist:1DRHcln51pmyRMUNNO38hj'}]",0.748,0.484,0.597,1.72e-06,0.0927,-7.189,0.0347,79.909,0.426,37,"[0.426, 0.597]"
41,46,Fakauna Ma,1,1eLIWZZt7AIXgLLiGOl4hq,Fakauna Ma,spotify:track:1eLIWZZt7AIXgLLiGOl4hq,https://p.scdn.co/mp3-preview/51ca0f4aca70b8b7916782934cb21b2fb2d8eba5?cid=3a801d6e4c3e4435ac1c198bb146d2cc,"[{'external_urls': {'spotify': 'https://open.spotify.com/artist/5R5EUMWsrYDt3ItavrP6C5'}, 'href': 'https://api.spotify.com/v1/artists/5R5EUMWsrYDt3ItavrP6C5', 'id': '5R5EUMWsrYDt3ItavrP6C5', 'name': 'Sushant KC', 'type': 'artist', 'uri': 'spotify:artist:5R5EUMWsrYDt3ItavrP6C5'}, {'external_urls': {'spotify': 'https://open.spotify.com/artist/1onW0aoWIXT09Pb9REqwO5'}, 'href': 'https://api.spotify.com/v1/artists/1onW0aoWIXT09Pb9REqwO5', 'id': '1onW0aoWIXT09Pb9REqwO5', 'name': 'LIL Rock Look', 'type': 'artist', 'uri': 'spotify:artist:1onW0aoWIXT09Pb9REqwO5'}, {'external_urls': {'spotify': 'https://open.spotify.com/artist/2JI0PkN7PH9D7sa4lnnLTa'}, 'href': 'https://api.spotify.com/v1/artists/2JI0PkN7PH9D7sa4lnnLTa', 'id': '2JI0PkN7PH9D7sa4lnnLTa', 'name': 'Sheeesh Hardik', 'type': 'artist', 'uri': 'spotify:artist:2JI0PkN7PH9D7sa4lnnLTa'}]",0.793,0.629,0.518,0.00386,0.101,-6.07,0.0452,149.912,0.298,39,"[0.298, 0.518]"
